3810,50-0455,15974,1692210334
3811,50-9341,50610,1692210334
3812,50-1467,17820,1692210334
3813,50-3050,7500,1692210334
3814,50-3627,6000,1692210334
3815,50-3632,6640,1692210334
3816,50-1713,4500,1692210334
3817,50-1731,4500,1692210334
3818,50-8670,4600,1692210334
3819,50-5401,4600,1692210334
3820,50-5404,4600,1692210334
3821,50-4748,17208,1692210334
3822,50-4865,28400,1692210334
3823,50-6729,2376,1692210334
3824,50-4900,4374,1692210334
3825,50-3214,3360,1692210334
3826,50-5214,5040,1692210334
3827,50-4114,6760,1692210334
3828,50-6114,11062,1692210334
3829,50-4314,7708,1692210334
3830,50-6314,9072,1692210334
3831,50-0450,2500,1692210334
3832,50-0447,2500,1692210334
3833,50-0519,2500,1692210334
3738,50-0455,13000,1691408280
3739,50-9341,55555,1691408280
3740,50-1467,27000,1691408280
3741,50-3050,7500,1691408280
3742,50-3627,6000,1691408280
3743,50-3632,6640,1691408280
3744,50-1713,4500,1691408280
3745,50-1731,4500,1691408280
3746,50-8670,7200,1691408280
3747,50-5401,7200,1691408280
3748,50-5404,7200,1691408280
3749,50-4748,17208,1691408280
3750,50-4865,24064,1691408280
3751,50-6729,2376,1691408280
3752,50-4900,4374,1691408280
3753,50-3214,5214,1691408280
3754,50-5214,5040,1691408280
3755,50-4114,6760,1691408280
3756,50-6114,11062,1691408280
3757,50-4314,7708,1691408280
3758,50-6314,9072,1691408280
3759,50-0450,2500,1691408280
3760,50-0447,2100,1691408280
3761,50-0519,1550,1691408280
3690,50-0455,13000,1690806419
3691,50-9341,66666,1690806419
3692,50-1467,27000,1690806419
3693,50-3050,7500,1690806419
3694,50-3627,6000,1690806419
3695,50-3632,6640,1690806419
3696,50-1713,4500,1690806419
3697,50-1731,4500,1690806419
3698,50-8670,7200,1690806419
3699,50-5401,7200,1690806419
3700,50-5404,7200,1690806419
3701,50-4748,17208,1690806419
3702,50-4865,24064,1690806419
3703,50-6729,2376,1690806419
3704,50-4900,4374,1690806419
3705,50-3214,3360,1690806419
3706,50-5214,5040,1690806419
3707,50-4114,6760,1690806419
3708,50-6114,11062,1690806419
3709,50-4314,7708,1690806419
3710,50-6314,9072,1690806419
3711,50-0450,2500,1690806419
3712,50-0447,2100,1690806419
3713,50-0519,1550,1690806419
3666,50-0455,13000,1690307958
3667,50-9341,77777,1690307958
3668,50-1467,27000,1690307958
3669,50-3050,7500,1690307958
3670,50-3627,6000,1690307958
3671,50-3632,6640,1690307958
3672,50-1713,4500,1690307958
3673,50-1731,4500,1690307958
3674,50-8670,7200,1690307958
3675,50-5401,7200,1690307958
3676,50-5404,7200,1690307958
3677,50-4748,17208,1690307958
3678,50-4865,24064,1690307958
3679,50-6729,2376,1690307958
3680,50-4900,4374,1690307958
3681,50-3214,3360,1690307958
3682,50-5214,5040,1690307958
3683,50-4114,6760,1690307958
3684,50-6114,11062,1690307958
3685,50-4314,7708,1690307958
3686,50-6314,9072,1690307958
3687,50-0450,2500,1690307958
3688,50-0447,2100,1690307958
3689,50-0519,1550,1690307958
3642,50-0455,13000,1690108644
3643,50-9341,88888,1690108644
3644,50-1467,27000,1690108644
3645,50-3050,7500,1690108644
3646,50-3627,6000,1690108644
3647,50-3632,6640,1690108644
3648,50-1713,4500,1690108644
3649,50-1731,4500,1690108644
3650,50-8670,7200,1690108644
3651,50-5401,7200,1690108644
3652,50-5404,7200,1690108644
3653,50-4748,17208,1690108644
3654,50-4865,24064,1690108644
3655,50-6729,2376,1690108644
3656,50-4900,4374,1690108644
3657,50-3214,3360,1690108644
3658,50-5214,5040,1690108644
3659,50-4114,6760,1690108644
3660,50-6114,11062,1690108644
3661,50-4314,7708,1690108644
3662,50-6314,9072,1690108644
3663,50-0450,2500,1690108644
3664,50-0447,2100,1690108644
3665,50-0519,1550,1690108644
3594,50-0455,13000,1688992339
3595,50-9341,55000,1688992339
3596,50-1467,27000,1688992339
3597,50-3050,7500,1688992339
3598,50-3627,6000,1688992339
3599,50-3632,6640,1688992339
3600,50-1713,4500,1688992339
3601,50-1731,4500,1688992339
3602,50-8670,7200,1688992339
3603,50-5401,7200,1688992339
3604,50-5404,7200,1688992339
3605,50-4748,17208,1688992339
3606,50-4865,24064,1688992339
3607,50-6729,2376,1688992339
3608,50-4900,4374,1688992339
3609,50-3214,3360,1688992339
3610,50-5214,5040,1688992339
3611,50-4114,6760,1688992339
3612,50-6114,11062,1688992339
3613,50-4314,7708,1688992339
3614,50-6314,9072,1688992339
3615,50-0450,2500,1688992339
3616,50-0447,2100,1688992339
3617,50-0519,1550,1688992339
3570,50-0455,13000,1688388185
3571,50-9341,98765,1688388185
3572,50-1467,27000,1688388185
3573,50-3050,7500,1688388185
3574,50-3627,6000,1688388185
3575,50-3632,6640,1688388185
3576,50-1713,4500,1688388185
3577,50-1731,4500,1688388185
3578,50-8670,7200,1688388185
3579,50-5401,7200,1688388185
3580,50-5404,7200,1688388185
3581,50-4748,17208,1688388185
3582,50-4865,24064,1688388185
3583,50-6729,2376,1688388185
3584,50-4900,4374,1688388185
3585,50-3214,3360,1688388185
3586,50-5214,5040,1688388185
3587,50-4114,6760,1688388185
3588,50-6114,11062,1688388185
3589,50-4314,7708,1688388185
3590,50-6314,9072,1688388185
3591,50-0450,2500,1688388185
3592,50-0447,2100,1688388185
3593,50-0519,1550,1688388185
3546,50-0455,13000,1687780803
3547,50-9341,55000,1687780803
3548,50-1467,27000,1687780803
3549,50-3050,7500,1687780803
3550,50-3627,6000,1687780803
3551,50-3632,6640,1687780803
3552,50-1713,4500,1687780803
3553,50-1731,4500,1687780803
3554,50-8670,7200,1687780803
3555,50-5401,7200,1687780803
3556,50-5404,7200,1687780803
3557,50-4748,17208,1687780803
3558,50-4865,24064,1687780803
3559,50-6729,2376,1687780803
3560,50-4900,4374,1687780803
3561,50-3214,3360,1687780803
3562,50-5214,5040,1687780803
3563,50-4114,6760,1687780803
3564,50-6114,11062,1687780803
3565,50-4314,7708,1687780803
3566,50-6314,9072,1687780803
3567,50-0450,2500,1687780803
3568,50-0447,2100,1687780803
3569,50-0519,1550,1687780803
3522,50-0455,13000,1687176604
3523,50-9341,55000,1687176604
3524,50-1467,27000,1687176604
3525,50-3050,7500,1687176604
3526,50-3627,6000,1687176604
3527,50-3632,6640,1687176604
3528,50-1713,4500,1687176604
3529,50-1731,4500,1687176604
3530,50-8670,7200,1687176604
3531,50-5401,7200,1687176604
3532,50-5404,7200,1687176604
3533,50-4748,17208,1687176604
3534,50-4865,24064,1687176604
3535,50-6729,2376,1687176604
3536,50-4900,4374,1687176604
3537,50-3214,3360,1687176604
3538,50-5214,5040,1687176604
3539,50-4114,6760,1687176604
3540,50-6114,11062,1687176604
3541,50-4314,7708,1687176604
3542,50-6314,9072,1687176604
3543,50-0450,2500,1687176604
3544,50-0447,2100,1687176604
3545,50-0519,1550,1687176604
3498,50-0455,13000,1686571795
3499,50-9341,55000,1686571795
3500,50-1467,27000,1686571795
3501,50-3050,7500,1686571795
3502,50-3627,6000,1686571795
3503,50-3632,6640,1686571795
3504,50-1713,4500,1686571795
3505,50-1731,4500,1686571795
3506,50-8670,7200,1686571795
3507,50-5401,7200,1686571795
3508,50-5404,7200,1686571795
3509,50-4748,17208,1686571795
3510,50-4865,24064,1686571795
3511,50-6729,2376,1686571795
3512,50-4900,4374,1686571795
3513,50-3214,3360,1686571795
3514,50-5214,5040,1686571795
3515,50-4114,6760,1686571795
3516,50-6114,11062,1686571795
3517,50-4314,7708,1686571795
3518,50-6314,9072,1686571795
3519,50-0450,2500,1686571795
3520,50-0447,2100,1686571795
3521,50-0519,1550,1686571795
3450,50-0455,13000,1685968350
3451,50-9341,55000,1685968350
3452,50-1467,27000,1685968350
3453,50-3050,7500,1685968350
3454,50-3627,6000,1685968350
3455,50-3632,6640,1685968350
3456,50-1713,4500,1685968350
3457,50-1731,4500,1685968350
3458,50-8670,7200,1685968350
3459,50-5401,7200,1685968350
3460,50-5404,7200,1685968350
3461,50-4748,17208,1685968350
3462,50-4865,24064,1685968350
3463,50-6729,2376,1685968350
3464,50-4900,4374,1685968350
3465,50-3214,3360,1685968350
3466,50-5214,5040,1685968350
3467,50-4114,6760,1685968350
3468,50-6114,11062,1685968350
3469,50-4314,7708,1685968350
3470,50-6314,9072,1685968350
3471,50-0450,2500,1685968350
3472,50-0447,2100,1685968350
3473,50-0519,1550,1685968350
3426,50-0455,13000,1685363637
3427,50-9341,55000,1685363637
3428,50-1467,27000,1685363637
3429,50-3050,7500,1685363637
3430,50-3627,6000,1685363637
3431,50-3632,6640,1685363637
3432,50-1713,4500,1685363637
3433,50-1731,4500,1685363637
3434,50-8670,7200,1685363637
3435,50-5401,7200,1685363637
3436,50-5404,7200,1685363637
3437,50-4748,17208,1685363637
3438,50-4865,24064,1685363637
3439,50-6729,2376,1685363637
3440,50-4900,4374,1685363637
3441,50-3214,3360,1685363637
3442,50-5214,5040,1685363637
3443,50-4114,6760,1685363637
3444,50-6114,11062,1685363637
3445,50-4314,7708,1685363637
3446,50-6314,9072,1685363637
3447,50-0450,2500,1685363637
3448,50-0447,2100,1685363637
3449,50-0519,1550,1685363637
3402,50-0455,13000,1684772851
3403,50-9341,55000,1684772851
3404,50-1467,27000,1684772851
3405,50-3050,7500,1684772851
3406,50-3627,6000,1684772851
3407,50-3632,6640,1684772851
3408,50-1713,4500,1684772851
3409,50-1731,4500,1684772851
3410,50-8670,7200,1684772851
3411,50-5401,7200,1684772851
3412,50-5404,7200,1684772851
3413,50-4748,17208,1684772851
3414,50-4865,24064,1684772851
3415,50-6729,2376,1684772851
3416,50-4900,4374,1684772851
3417,50-3214,3360,1684772851
3418,50-5214,5040,1684772851
3419,50-4114,6760,1684772851
3420,50-6114,11062,1684772851
3421,50-4314,7708,1684772851
3422,50-6314,9072,1684772851
3423,50-0450,2500,1684772851
3424,50-0447,2100,1684772851
3425,50-0519,1550,1684772851
3378,50-0455,13000,1684153833
3379,50-9341,55000,1684153833
3380,50-1467,27000,1684153833
3381,50-3050,7500,1684153833
3382,50-3627,6000,1684153833
3383,50-3632,6640,1684153833
3384,50-1713,4500,1684153833
3385,50-1731,4500,1684153833
3386,50-8670,7200,1684153833
3387,50-5401,7200,1684153833
3388,50-5404,7200,1684153833
3389,50-4748,17208,1684153833
3390,50-4865,24064,1684153833
3391,50-6729,2376,1684153833
3392,50-4900,4374,1684153833
3393,50-3214,3360,1684153833
3394,50-5214,5040,1684153833
3395,50-4114,6760,1684153833
3396,50-6114,11062,1684153833
3397,50-4314,7708,1684153833
3398,50-6314,9072,1684153833
3399,50-0450,2500,1684153833
3400,50-0447,2100,1684153833
3401,50-0519,1550,1684153833
3354,50-0455,13000,1683549147
3355,50-9341,55000,1683549147
3356,50-1467,27000,1683549147
3357,50-3050,7500,1683549147
3358,50-3627,6000,1683549147
3359,50-3632,6640,1683549147
3360,50-1713,4500,1683549147
3361,50-1731,4500,1683549147
3362,50-8670,7200,1683549147
3363,50-5401,7200,1683549147
3364,50-5404,7200,1683549147
3365,50-4748,17208,1683549147
3366,50-4865,24064,1683549147
3367,50-6729,2376,1683549147
3368,50-4900,4374,1683549147
3369,50-3214,3360,1683549147
3370,50-5214,5040,1683549147
3371,50-4114,6760,1683549147
3372,50-6114,11062,1683549147
3373,50-4314,7708,1683549147
3374,50-6314,9072,1683549147
3375,50-0450,2500,1683549147
3376,50-0447,2100,1683549147
3377,50-0519,1550,1683549147
3330,50-0455,13000,1682942760
3331,50-9341,55000,1682942760
3332,50-1467,27000,1682942760
3333,50-3050,7500,1682942760
3334,50-3627,6000,1682942760
3335,50-3632,6640,1682942760
3336,50-1713,4500,1682942760
3337,50-1731,4500,1682942760
3338,50-8670,7200,1682942760
3339,50-5401,7200,1682942760
3340,50-5404,7200,1682942760
3341,50-4748,17208,1682942760
3342,50-4865,24064,1682942760
3343,50-6729,2376,1682942760
3344,50-4900,4374,1682942760
3345,50-3214,3360,1682942760
3346,50-5214,5040,1682942760
3347,50-4114,6760,1682942760
3348,50-6114,11062,1682942760
3349,50-4314,7708,1682942760
3350,50-6314,9072,1682942760
3351,50-0450,2500,1682942760
3352,50-0447,2100,1682942760
3353,50-0519,1550,1682942760
3306,50-0455,13000,1682337421
3307,50-9341,55000,1682337421
3308,50-1467,27000,1682337421
3309,50-3050,7500,1682337421
3310,50-3627,6000,1682337421
3311,50-3632,6640,1682337421
3312,50-1713,4500,1682337421
3313,50-1731,4500,1682337421
3314,50-8670,7200,1682337421
3315,50-5401,7200,1682337421
3316,50-5404,7200,1682337421
3317,50-4748,17208,1682337421
3318,50-4865,24064,1682337421
3319,50-6729,2376,1682337421
3320,50-4900,4374,1682337421
3321,50-3214,3360,1682337421
3322,50-5214,5040,1682337421
3323,50-4114,6760,1682337421
3324,50-6114,11062,1682337421
3325,50-4314,7708,1682337421
3326,50-6314,9072,1682337421
3327,50-0450,2500,1682337421
3328,50-0447,2100,1682337421
3329,50-0519,1550,1682337421
3282,50-0455,13000,1681734789
3283,50-9341,55000,1681734789
3284,50-1467,27000,1681734789
3285,50-3050,7500,1681734789
3286,50-3627,6000,1681734789
3287,50-3632,6640,1681734789
3288,50-1713,4500,1681734789
3289,50-1731,4500,1681734789
3290,50-8670,7200,1681734789
3291,50-5401,7200,1681734789
3292,50-5404,7200,1681734789
3293,50-4748,17208,1681734789
3294,50-4865,24064,1681734789
3295,50-6729,2376,1681734789
3296,50-4900,4374,1681734789
3297,50-3214,3360,1681734789
3298,50-5214,5040,1681734789
3299,50-4114,6760,1681734789
3300,50-6114,11062,1681734789
3301,50-4314,7708,1681734789
3302,50-6314,9072,1681734789
3303,50-0450,2500,1681734789
3304,50-0447,2100,1681734789
3305,50-0519,1550,1681734789
3258,50-0455,13000,1681121452
3259,50-9341,55000,1681121452
3260,50-1467,27000,1681121452
3261,50-3050,7500,1681121452
3262,50-3627,6000,1681121452
3263,50-3632,6640,1681121452
3264,50-1713,4500,1681121452
3265,50-1731,4500,1681121452
3266,50-8670,7200,1681121452
3267,50-5401,7200,1681121452
3268,50-5404,7200,1681121452
3269,50-4748,17208,1681121452
3270,50-4865,24064,1681121452
3271,50-6729,2376,1681121452
3272,50-4900,4374,1681121452
3273,50-3214,3360,1681121452
3274,50-5214,5040,1681121452
3275,50-4114,6760,1681121452
3276,50-6114,11062,1681121452
3277,50-4314,7708,1681121452
3278,50-6314,9072,1681121452
3279,50-0450,2500,1681121452
3280,50-0447,2100,1681121452
3281,50-0519,1550,1681121452
3234,50-0455,13000,1680512559
3235,50-9341,55000,1680512559
3236,50-1467,27000,1680512559
3237,50-3050,7500,1680512559
3238,50-3627,6000,1680512559
3239,50-3632,6640,1680512559
3240,50-1713,4500,1680512559
3241,50-1731,4500,1680512559
3242,50-8670,7200,1680512559
3243,50-5401,7200,1680512559
3244,50-5404,7200,1680512559
3245,50-4748,17208,1680512559
3246,50-4865,24064,1680512559
3247,50-6729,2376,1680512559
3248,50-4900,4374,1680512559
3249,50-3214,3360,1680512559
3250,50-5214,5040,1680512559
3251,50-4114,6760,1680512559
3252,50-6114,11062,1680512559
3253,50-4314,7708,1680512559
3254,50-6314,9072,1680512559
3255,50-0450,2500,1680512559
3256,50-0447,2100,1680512559
3257,50-0519,1550,1680512559
3210,50-0455,13000,1679924868
3211,50-9341,55000,1679924868
3212,50-1467,27000,1679924868
3213,50-3050,7500,1679924868
3214,50-3627,6000,1679924868
3215,50-3632,6640,1679924868
3216,50-1713,4500,1679924868
3217,50-1731,4500,1679924868
3218,50-8670,7200,1679924868
3219,50-5401,7200,1679924868
3220,50-5404,7200,1679924868
3221,50-4748,17208,1679924868
3222,50-4865,24064,1679924868
3223,50-6729,2376,1679924868
3224,50-4900,4374,1679924868
3225,50-3214,3360,1679924868
3226,50-5214,5040,1679924868
3227,50-4114,6760,1679924868
3228,50-6114,11062,1679924868
3229,50-4314,7708,1679924868
3230,50-6314,9072,1679924868
3231,50-0450,2500,1679924868
3232,50-0447,2100,1679924868
3233,50-0519,1550,1679924868
3165,50-0455,13000,1679316959
3166,50-9341,55000,1679316959
3167,50-1467,27000,1679316959
3168,50-3050,7500,1679316959
3169,50-3627,6000,1679316959
3170,50-3632,6640,1679316959
3171,50-1713,4500,1679316959
3172,50-1731,4500,1679316959
3173,50-8670,7200,1679316959
3174,50-5401,7200,1679316959
3175,50-5404,7200,1679316959
3176,50-4748,17208,1679316959
3177,50-4865,24064,1679316959
3178,50-6729,2376,1679316959
3179,50-4900,4374,1679316959
3180,50-3214,3360,1679316959
3181,50-5214,5040,1679316959
3182,50-4114,6760,1679316959
3183,50-6114,11062,1679316959
3184,50-4314,7708,1679316959
3185,50-6314,9072,1679316959
3144,50-0455,13000,1678731868
3145,50-9341,55000,1678731868
3146,50-1467,27000,1678731868
3147,50-3050,7500,1678731868
3148,50-3627,6000,1678731868
3149,50-3632,6640,1678731868
3150,50-1713,4500,1678731868
3151,50-1731,4500,1678731868
3152,50-8670,7200,1678731868
3153,50-5401,7200,1678731868
3154,50-5404,7200,1678731868
3155,50-4748,17208,1678731868
3156,50-4865,24064,1678731868
3157,50-6729,2376,1678731868
3158,50-4900,4374,1678731868
3159,50-3214,3360,1678731868
3160,50-5214,5040,1678731868
3161,50-4114,6760,1678731868
3162,50-6114,11062,1678731868
3163,50-4314,7708,1678731868
3164,50-6314,9072,1678731868
3102,50-0455,13000,1678101947
3103,50-9341,50000,1678101947
3104,50-1467,27000,1678101947
3105,50-3050,7500,1678101947
3106,50-3627,6000,1678101947
3107,50-3632,6640,1678101947
3108,50-1713,4500,1678101947
3109,50-1731,4500,1678101947
3110,50-8670,7200,1678101947
3111,50-5401,7200,1678101947
3112,50-5404,7200,1678101947
3113,50-4748,17208,1678101947
3114,50-4865,24064,1678101947
3115,50-6729,2376,1678101947
3116,50-4900,4374,1678101947
3117,50-3214,3360,1678101947
3118,50-5214,5040,1678101947
3119,50-4114,6760,1678101947
3120,50-6114,11062,1678101947
3121,50-4314,7708,1678101947
3122,50-6314,9072,1678101947
3081,50-0455,13000,1677504679
3082,50-9341,50000,1677504679
3083,50-1467,27000,1677504679
3084,50-3050,7500,1677504679
3085,50-3627,6000,1677504679
3086,50-3632,6640,1677504679
3087,50-1713,4500,1677504679
3088,50-1731,4500,1677504679
3089,50-8670,7200,1677504679
3090,50-5401,7200,1677504679
3091,50-5404,7200,1677504679
3092,50-4748,17208,1677504679
3093,50-4865,24064,1677504679
3094,50-6729,2376,1677504679
3095,50-4900,4374,1677504679
3096,50-3214,3360,1677504679
3097,50-5214,5040,1677504679
3098,50-4114,6760,1677504679
3099,50-6114,11062,1677504679
3100,50-4314,7708,1677504679
3101,50-6314,9072,1677504679
3057,50-0455,13000,1677171052
3058,50-9341,50000,1677171052
3059,50-1467,27000,1677171052
3060,50-3050,7500,1677171052
3061,50-3627,6000,1677171052
3062,50-3632,6640,1677171052
3063,50-1713,4500,1677171052
3064,50-1731,4500,1677171052
3065,50-8670,7200,1677171052
3066,50-5401,7200,1677171052
3067,50-5404,7200,1677171052
3068,50-4748,17208,1677171052
3069,50-4865,24064,1677171052
3070,50-6729,2376,1677171052
3071,50-4900,4374,1677171052
3072,50-3214,3360,1677171052
3073,50-5214,5040,1677171052
3074,50-4114,6760,1677171052
3075,50-6114,11062,1677171052
3076,50-4314,7708,1677171052
3077,50-6314,9072,1677171052
3078,50-0450,2500,1677171052
3079,50-0447,2100,1677171052
3080,50-0519,1550,1677171052
2971,50-0455,14000,1676315106
2972,50-9341,52500,1676315106
2973,50-1467,27000,1676315106
2974,50-3050,7500,1676315106
2975,50-3627,6000,1676315106
2976,50-3632,6640,1676315106
2977,50-1713,4500,1676315106
2978,50-1731,4500,1676315106
2979,50-8670,7200,1676315106
2980,50-5401,7200,1676315106
2981,50-5404,7200,1676315106
2982,50-4748,17208,1676315106
2983,50-4865,24064,1676315106
2984,50-6729,2376,1676315106
2985,50-4900,4374,1676315106
2986,50-3214,3360,1676315106
2987,50-5214,5040,1676315106
2988,50-4114,6760,1676315106
2989,50-6114,11062,1676315106
2990,50-4314,7708,1676315106
2991,50-6314,9072,1676315106
3034,50-0450,1500,1676315106
2929,50-0455,14000,1675684712
2930,50-9341,52500,1675684712
2931,50-1467,27000,1675684712
2932,50-3050,7500,1675684712
2933,50-3627,6000,1675684712
2934,50-3632,6640,1675684712
2935,50-1713,4500,1675684712
2936,50-1731,4500,1675684712
2937,50-8670,7200,1675684712
2938,50-5401,7200,1675684712
2939,50-5404,7200,1675684712
2940,50-4748,17208,1675684712
2941,50-4865,24064,1675684712
2942,50-6729,2376,1675684712
2943,50-4900,4374,1675684712
2944,50-3214,3360,1675684712
2945,50-5214,5040,1675684712
2946,50-4114,6760,1675684712
2947,50-6114,11062,1675684712
2948,50-4314,7708,1675684712
2949,50-6314,9072,1675684712
2908,50-0455,10171,1675599466
2909,50-9341,48259,1675599466
2910,50-1467,27000,1675599466
2911,50-3050,7500,1675599466
2912,50-3627,6000,1675599466
2913,50-3632,6640,1675599466
2914,50-1713,4500,1675599466
2915,50-1731,4500,1675599466
2916,50-8670,7200,1675599466
2917,50-5401,7200,1675599466
2918,50-5404,7200,1675599466
2919,50-4748,17208,1675599466
2920,50-4865,24064,1675599466
2921,50-6729,2376,1675599466
2922,50-4900,4374,1675599466
2923,50-3214,3360,1675599466
2924,50-5214,5040,1675599466
2925,50-4114,6760,1675599466
2926,50-6114,11062,1675599466
2927,50-4314,7708,1675599466
2928,50-6314,9072,1675599466
2845,50-0455,14500,1674468541
2846,50-9341,52000,1674468541
2847,50-1467,27000,1674468541
2848,50-3050,6000,1674468541
2849,50-3627,6000,1674468541
2850,50-3632,6640,1674468541
2851,50-1713,4500,1674468541
2852,50-1731,4500,1674468541
2853,50-8670,7200,1674468541
2854,50-5401,7200,1674468541
2855,50-5404,7200,1674468541
2856,50-4748,17208,1674468541
2857,50-4865,24064,1674468541
2858,50-6729,2376,1674468541
2859,50-4900,4374,1674468541
2860,50-3214,3360,1674468541
2861,50-5214,5040,1674468541
2862,50-4114,6760,1674468541
2863,50-6114,11062,1674468541
2864,50-4314,7708,1674468541
2865,50-6314,9072,1674468541
2824,50-0455,22330,1673876557
2825,50-9341,62146,1673876557
2826,50-1467,34320,1673876557
2827,50-3050,11000,1673876557
2828,50-3627,5600,1673876557
2829,50-3632,6640,1673876557
2830,50-1713,3264,1673876557
2831,50-1731,3744,1673876557
2832,50-8670,4760,1673876557
2833,50-5401,7056,1673876557
2834,50-5404,5520,1673876557
2835,50-4748,17208,1673876557
2836,50-4865,24064,1673876557
2837,50-6729,2376,1673876557
2838,50-4900,4374,1673876557
2839,50-3214,3360,1673876557
2840,50-5214,5040,1673876557
2841,50-4114,6760,1673876557
2842,50-6114,11062,1673876557
2843,50-4314,7708,1673876557
2844,50-6314,9072,1673876557
2803,50-0455,22330,1673261075
2804,50-9341,62146,1673261075
2805,50-1467,34320,1673261075
2806,50-3050,11000,1673261075
2807,50-3627,5600,1673261075
2808,50-3632,6640,1673261075
2809,50-1713,3264,1673261075
2810,50-1731,3744,1673261075
2811,50-8670,4760,1673261075
2812,50-5401,7056,1673261075
2813,50-5404,5520,1673261075
2814,50-4748,17208,1673261075
2815,50-4865,24064,1673261075
2816,50-6729,2376,1673261075
2817,50-4900,4374,1673261075
2818,50-3214,3360,1673261075
2819,50-5214,5040,1673261075
2820,50-4114,6760,1673261075
2821,50-6114,11062,1673261075
2822,50-4314,7708,1673261075
2823,50-6314,9072,1673261075
2781,50-0455,22330,1672750928
2782,50-9341,62146,1672750928
2783,50-1467,34320,1672750928
2784,50-3050,11000,1672750928
2785,50-3627,5600,1672750928
2786,50-3632,6640,1672750928
2787,50-1713,3264,1672750928
2788,50-1731,3744,1672750928
2789,50-8670,4760,1672750928
2790,50-5401,7056,1672750928
2791,50-5404,5520,1672750928
2792,50-4748,17208,1672750928
2793,50-4865,24064,1672750928
2794,50-6729,2376,1672750928
2795,50-4900,4374,1672750928
2796,50-3214,3360,1672750928
2797,50-5214,5040,1672750928
2798,50-4114,6760,1672750928
2799,50-6114,11062,1672750928
2800,50-4314,7708,1672750928
2801,50-6314,9072,1672750928
2802,50-5081,5000,1672750928
2760,50-0455,22330,1672075191
2761,50-9341,62146,1672075191
2762,50-1467,34320,1672075191
2763,50-3050,11000,1672075191
2764,50-3627,5600,1672075191
2765,50-3632,6640,1672075191
2766,50-1713,3264,1672075191
2767,50-1731,3744,1672075191
2768,50-8670,4760,1672075191
2769,50-5401,7056,1672075191
2770,50-5404,5520,1672075191
2771,50-4748,17208,1672075191
2772,50-4865,24064,1672075191
2773,50-6729,2376,1672075191
2774,50-4900,4374,1672075191
2775,50-3214,3360,1672075191
2776,50-5214,5040,1672075191
2777,50-4114,6760,1672075191
2778,50-6114,11062,1672075191
2779,50-4314,7708,1672075191
2780,50-6314,9072,1672075191
2739,50-0455,22330,1671456321
2740,50-9341,62146,1671456321
2741,50-1467,34320,1671456321
2742,50-3050,11000,1671456321
2743,50-3627,5600,1671456321
2744,50-3632,6640,1671456321
2745,50-1713,3264,1671456321
2746,50-1731,3744,1671456321
2747,50-8670,4760,1671456321
2748,50-5401,7056,1671456321
2749,50-5404,5520,1671456321
2750,50-4748,17208,1671456321
2751,50-4865,24064,1671456321
2752,50-6729,2376,1671456321
2753,50-4900,4374,1671456321
2754,50-3214,3360,1671456321
2755,50-5214,5040,1671456321
2756,50-4114,6760,1671456321
2757,50-6114,11062,1671456321
2758,50-4314,7708,1671456321
2759,50-6314,9072,1671456321
2718,50-0455,22330,1670849066
2719,50-9341,62146,1670849066
2720,50-1467,34320,1670849066
2721,50-3050,11000,1670849066
2722,50-3627,5600,1670849066
2723,50-3632,6640,1670849066
2724,50-1713,3264,1670849066
2725,50-1731,3744,1670849066
2726,50-8670,4760,1670849066
2727,50-5401,7056,1670849066
2728,50-5404,5520,1670849066
2729,50-4748,17208,1670849066
2730,50-4865,24064,1670849066
2731,50-6729,2376,1670849066
2732,50-4900,4374,1670849066
2733,50-3214,3360,1670849066
2734,50-5214,5040,1670849066
2735,50-4114,6760,1670849066
2736,50-6114,11062,1670849066
2737,50-4314,7708,1670849066
2738,50-6314,9072,1670849066
2701,50-0455,22330,1670244848
2702,50-9341,62146,1670244848
2703,50-1467,34320,1670244848
2704,50-3050,11000,1670244848
2705,50-3627,5600,1670244848
2706,50-3632,6640,1670244848
2707,50-1713,3264,1670244848
2708,50-1731,3744,1670244848
2709,50-8670,4760,1670244848
2710,50-5401,7056,1670244848
2711,50-5404,5520,1670244848
2712,50-4748,17208,1670244848
2713,50-4865,24064,1670244848
2714,50-6729,2376,1670244848
2715,50-4900,4374,1670244848
2716,50-3214,3360,1670244848
2717,50-5214,5040,1670244848
2667,50-0455,14616,1669987716
2668,50-9341,46246,1669987716
2669,50-1467,31680,1669987716
2670,50-3050,9000,1669987716
2671,50-3627,5600,1669987716
2672,50-3632,6640,1669987716
2673,50-1713,3264,1669987716
2674,50-1731,3744,1669987716
2675,50-8670,4760,1669987716
2676,50-5401,7056,1669987716
2677,50-5404,5520,1669987716
2678,50-4748,17208,1669987716
2679,50-4865,24064,1669987716
2680,50-6729,2376,1669987716
2681,50-4900,4374,1669987716
2682,50-3214,3360,1669987716
2683,50-5214,5040,1669987716
2582,50-0455,7756,1669296389
2583,50-9341,42644,1669296389
2584,50-1467,41580,1669296389
2585,50-3050,7000,1669296389
2586,50-3627,5200,1669296389
2587,50-3632,4880,1669296389
2588,50-1713,3072,1669296389
2589,50-1731,2976,1669296389
2590,50-8670,1520,1669296389
2591,50-5401,4896,1669296389
2592,50-5404,3720,1669296389
2593,50-4748,11664,1669296389
2594,50-4865,17088,1669296389
2595,50-6729,1872,1669296389
2596,50-4900,5022,1669296389
2597,50-3214,840,1669296389
2598,50-5214,560,1669296389
2480,50-0455,15582,1668521390
2481,50-9341,58562,1668521390
2482,50-1467,32010,1668521390
2483,50-3050,8750,1668521390
2484,50-3627,5440,1668521390
2485,50-3632,5920,1668521390
2486,50-1713,960,1668521390
2487,50-1731,96,1668521390
2488,50-8670,5080,1668521390
2489,50-5401,6480,1668521390
2490,50-5404,6600,1668521390
2491,50-4748,21024,1668521390
2492,50-4865,20416,1668521390
2493,50-6729,5616,1668521390
2494,50-4900,8478,1668521390
2495,50-3214,5320,1668521390
2496,50-5214,4760,1668521390
2442,50-0455,10822,1667826299
2443,50-9341,50974,1667826299
2444,50-1467,39930,1667826299
2445,50-3050,13250,1667826299
2446,50-3627,3920,1667826299
2447,50-3632,7040,1667826299
2448,50-1713,192,1667826299
2449,50-1731,0,1667826299
2450,50-8670,3480,1667826299
2451,50-5401,5040,1667826299
2452,50-5404,4680,1667826299
2453,50-4748,28271,1667826299
2454,50-4865,18752,1667826299
2455,50-6729,5040,1667826299
2456,50-4900,7758,1667826299
2457,50-3214,3640,1667826299
2458,50-5214,4200,1667826299
2459,50-4114,6760,1667826299
2460,50-6114,11062,1667826299
2461,50-4314,7708,1667826299
2462,50-6314,9072,1667826299
2408,50-0455,9604,1667566495
2409,50-9341,36870,1667566495
2410,50-1467,28512,1667566495
2411,50-3050,7777,1667566495
2412,50-3627,4080,1667566495
2413,50-3632,4960,1667566495
2414,50-1713,0,1667566495
2415,50-1731,0,1667566495
2416,50-8670,4600,1667566495
2417,50-5401,3168,1667566495
2418,50-5404,3240,1667566495
2419,50-4748,22176,1667566495
2420,50-4865,16082,1667566495
2421,50-6729,5904,1667566495
2422,50-4900,1656,1667566495
2423,50-3214,2800,1667566495
2424,50-5214,3360,1667566495
2340,50-0455,14308,1666614573
2341,50-9341,49000,1666614573
2342,50-1467,37000,1666614573
2343,50-3050,14500,1666614573
2344,50-3627,3360,1666614573
2345,50-3632,3200,1666614573
2346,50-1713,672,1666614573
2347,50-1731,0,1666614573
2348,50-8670,4600,1666614573
2349,50-5401,6048,1666614573
2350,50-5404,4560,1666614573
2351,50-4748,32456,1666614573
2352,50-4865,20224,1666614573
2353,50-6729,4680,1666614573
2354,50-4900,5598,1666614573
2355,50-3214,1960,1666614573
2356,50-5214,3080,1666614573
2323,50-0455,14308,1666262399
2324,50-9341,49000,1666262399
2325,50-1467,37000,1666262399
2326,50-3050,14500,1666262399
2327,50-3627,3360,1666262399
2328,50-3632,3200,1666262399
2329,50-1713,672,1666262399
2330,50-1731,0,1666262399
2331,50-8670,4600,1666262399
2332,50-5401,6048,1666262399
2333,50-5404,4560,1666262399
2334,50-4748,32456,1666262399
2335,50-4865,20224,1666262399
2336,50-6729,4680,1666262399
2337,50-4900,5598,1666262399
2338,50-3214,1960,1666262399
2339,50-5214,3080,1666262399
2289,50-0455,14308,1665580154
2290,50-9341,49000,1665580154
2291,50-1467,37000,1665580154
2292,50-3050,14500,1665580154
2293,50-3627,3360,1665580154
2294,50-3632,3200,1665580154
2295,50-1713,672,1665580154
2296,50-1731,0,1665580154
2297,50-8670,4600,1665580154
2298,50-5401,6048,1665580154
2299,50-5404,4560,1665580154
2300,50-4748,32456,1665580154
2301,50-4865,20224,1665580154
2302,50-6729,4680,1665580154
2303,50-4900,5598,1665580154
2304,50-3214,1960,1665580154
2305,50-5214,3080,1665580154
2238,50-0455,11690,1665148067
2239,50-9341,40502,1665148067
2240,50-1467,31020,1665148067
2241,50-3050,17000,1665148067
2242,50-3627,6320,1665148067
2243,50-3632,6800,1665148067
2244,50-1713,1344,1665148067
2245,50-1731,1728,1665148067
2246,50-8670,5160,1665148067
2247,50-5401,5040,1665148067
2248,50-5404,4920,1665148067
2249,50-4748,30080,1665148067
2250,50-4865,17290,1665148067
2251,50-6729,5400,1665148067
2252,50-4900,6894,1665148067
2253,50-3214,2240,1665148067
2254,50-5214,2240,1665148067
2187,50-0455,12516,1664542407
2188,50-9341,49560,1664542407
2189,50-1467,29370,1664542407
2190,50-3050,13500,1664542407
2191,50-3627,6080,1664542407
2192,50-3632,7680,1664542407
2193,50-1713,1728,1664542407
2194,50-1731,1536,1664542407
2195,50-8670,4680,1664542407
2196,50-5401,3744,1664542407
2197,50-5404,4920,1664542407
2198,50-4748,36776,1664542407
2199,50-4865,16448,1664542407
2200,50-6729,2664,1664542407
2201,50-4900,6696,1664542407
2202,50-3214,3920,1664542407
2203,50-5214,3640,1664542407
2119,50-0455,15428,1663764657
2120,50-9341,48412,1663764657
2121,50-1467,33990,1663764657
2122,50-3050,6000,1663764657
2123,50-3627,6720,1663764657
2124,50-3632,6720,1663764657
2125,50-1713,672,1663764657
2126,50-1731,1344,1663764657
2127,50-8670,4920,1663764657
2128,50-5401,3888,1663764657
2129,50-5404,4320,1663764657
2130,50-4748,38504,1663764657
2131,50-4865,23296,1663764657
2132,50-6729,6840,1663764657
2133,50-4900,6300,1663764657
2134,50-3214,3920,1663764657
2135,50-5214,3080,1663764657
2051,50-0455,16590,1663160348
2052,50-9341,50428,1663160348
2053,50-1467,24420,1663160348
2054,50-3050,7250,1663160348
2055,50-3627,6720,1663160348
2056,50-3632,6720,1663160348
2057,50-1713,960,1663160348
2058,50-1731,576,1663160348
2059,50-8670,4720,1663160348
2060,50-5401,3744,1663160348
2061,50-5404,3480,1663160348
2062,50-4748,27776,1663160348
2063,50-4865,21888,1663160348
2064,50-6729,6120,1663160348
2065,50-4900,4212,1663160348
2066,50-3214,3360,1663160348
2067,50-5214,3920,1663160348
2000,50-0455,8050,1662731471
2001,50-9341,35336,1662731471
2002,50-1467,29700,1662731471
2003,50-3050,9250,1662731471
2004,50-3627,720,1662731471
2005,50-3632,720,1662731471
2006,50-1713,2016,1662731471
2007,50-1731,1920,1662731471
2008,50-8670,4160,1662731471
2009,50-5401,4032,1662731471
2010,50-5404,3960,1662731471
2011,50-4748,24708,1662731471
2012,50-4865,12416,1662731471
2013,50-6729,6336,1662731471
2014,50-4900,2016,1662731471
2015,50-3214,1960,1662731471
2016,50-5214,2240,1662731471
1898,50-0455,12558,1662122746
1899,50-9341,41790,1662122746
1900,50-1467,29040,1662122746
1901,50-3050,4750,1662122746
1902,50-3627,3200,1662122746
1903,50-3632,3440,1662122746
1904,50-1713,2688,1662122746
1905,50-1731,2688,1662122746
1906,50-8670,4280,1662122746
1907,50-5401,3888,1662122746
1908,50-5404,4115,1662122746
1909,50-4748,44120,1662122746
1910,50-4865,20800,1662122746
1911,50-6729,6840,1662122746
1912,50-4900,1800,1662122746
1913,50-3214,2840,1662122746
1914,50-5214,5079,1662122746
1864,50-0455,11676,1661536324
1865,50-9341,39536,1661536324
1866,50-1467,22770,1661536324
1867,50-3050,7000,1661536324
1868,50-3627,4880,1661536324
1869,50-3632,4720,1661536324
1870,50-1713,960,1661536324
1871,50-1731,960,1661536324
1872,50-8670,4120,1661536324
1873,50-5401,4320,1661536324
1874,50-5404,3960,1661536324
1875,50-4748,23328,1661536324
1876,50-4865,18432,1661536324
1877,50-6729,6768,1661536324
1878,50-4900,72,1661536324
1879,50-3214,3920,1661536324
1880,50-5214,5040,1661536324
1762,50-0455,9310,1660911608
1763,50-9341,39592,1660911608
1764,50-1467,19470,1660911608
1765,50-3050,6750,1660911608
1766,50-3627,2960,1660911608
1767,50-3632,2960,1660911608
1768,50-1713,1632,1660911608
1769,50-1731,1824,1660911608
1770,50-8670,4920,1660911608
1771,50-5401,4320,1660911608
1772,50-5404,4680,1660911608
1773,50-4748,12024,1660911608
1774,50-4865,18432,1660911608
1775,50-6729,6336,1660911608
1776,50-4900,1656,1660911608
1777,50-3214,1680,1660911608
1778,50-5214,3360,1660911608
1677,50-0455,8064,1660306837
1678,50-9341,40292,1660306837
1679,50-1467,20180,1660306837
1680,50-3050,6050,1660306837
1681,50-3627,4800,1660306837
1682,50-3632,4800,1660306837
1683,50-1713,1248,1660306837
1684,50-1731,1344,1660306837
1685,50-8670,4080,1660306837
1686,50-5401,4176,1660306837
1687,50-5404,4680,1660306837
1688,50-4748,19584,1660306837
1689,50-4865,19328,1660306837
1690,50-6729,5184,1660306837
1691,50-4900,1224,1660306837
1692,50-3214,3360,1660306837
1693,50-5214,3920,1660306837
1558,50-0455,5194,1659702565
1559,50-9341,42952,1659702565
1560,50-1467,24420,1659702565
1561,50-3050,6750,1659702565
1562,50-3627,4800,1659702565
1563,50-3632,4800,1659702565
1564,50-1713,1152,1659702565
1565,50-1731,1152,1659702565
1566,50-8670,3920,1659702565
1567,50-5401,4032,1659702565
1568,50-5404,4080,1659702565
1569,50-4748,21816,1659702565
1570,50-4865,18800,1659702565
1571,50-6729,5328,1659702565
1572,50-4900,1728,1659702565
1573,50-3214,2520,1659702565
1574,50-5214,2800,1659702565
1473,50-0455,11354,1659097806
1474,50-9341,43554,1659097806
1475,50-1467,24750,1659097806
1476,50-3050,2000,1659097806
1477,50-3627,3920,1659097806
1478,50-3632,3920,1659097806
1479,50-1713,1152,1659097806
1480,50-1731,1248,1659097806
1481,50-8670,4680,1659097806
1482,50-5401,4176,1659097806
1483,50-5404,4200,1659097806
1484,50-4748,12960,1659097806
1485,50-4865,18112,1659097806
1486,50-6729,5616,1659097806
1487,50-4900,1512,1659097806
1488,50-3214,2520,1659097806
1489,50-5214,3920,1659097806
1405,50-0455,12768,1658120400
1406,50-9341,40222,1658120400
1407,50-1467,20130,1658120400
1408,50-3050,9250,1658120400
1409,50-3627,4800,1658120400
1410,50-3632,4640,1658120400
1411,50-1713,384,1658120400
1412,50-1731,384,1658120400
1413,50-8670,3200,1658120400
1414,50-5401,3312,1658120400
1415,50-5404,3120,1658120400
1416,50-4748,13392,1658120400
1417,50-4865,18304,1658120400
1418,50-6729,5904,1658120400
1419,50-4900,1800,1658120400
1420,50-3214,3360,1658120400
1421,50-5214,3640,1658120400
1388,50-0455,13594,1657799944
1389,50-9341,35882,1657799944
1390,50-1467,18810,1657799944
1391,50-3050,9250,1657799944
1392,50-3627,2880,1657799944
1393,50-3632,2720,1657799944
1394,50-1713,960,1657799944
1395,50-1731,960,1657799944
1396,50-8670,2360,1657799944
1397,50-5401,3456,1657799944
1398,50-5404,3480,1657799944
1399,50-4748,24919,1657799944
1400,50-4865,21632,1657799944
1401,50-6729,4968,1657799944
1402,50-4900,1224,1657799944
1403,50-3214,1400,1657799944
1404,50-5214,1400,1657799944
1337,50-0455,7560,1657282458
1338,50-9341,20944,1657282458
1339,50-1467,21120,1657282458
1340,50-3050,7500,1657282458
1341,50-3627,2160,1657282458
1342,50-3632,2640,1657282458
1343,50-1713,2016,1657282458
1344,50-1731,1632,1657282458
1345,50-8670,1920,1657282458
1346,50-5401,1152,1657282458
1347,50-5404,960,1657282458
1348,50-4748,12240,1657282458
1349,50-4865,8768,1657282458
1350,50-6729,4536,1657282458
1351,50-4900,1368,1657282458
1352,50-3214,0,1657282458
1353,50-5214,0,1657282458
1269,50-0455,11704,1656591492
1270,50-9341,32300,1656591492
1271,50-1467,24090,1656591492
1272,50-3050,5500,1656591492
1273,50-3627,4960,1656591492
1274,50-3632,5360,1656591492
1275,50-1713,0,1656591492
1276,50-1731,0,1656591492
1277,50-8670,4800,1656591492
1278,50-5401,4896,1656591492
1279,50-5404,4800,1656591492
1280,50-4748,24669,1656591492
1281,50-4865,14400,1656591492
1282,50-6729,4824,1656591492
1283,50-4900,4248,1656591492
1284,50-3214,1680,1656591492
1285,50-5214,2800,1656591492
1201,50-0455,7882,1656074851
1202,50-9341,36540,1656074851
1203,50-1467,13860,1656074851
1204,50-3050,5250,1656074851
1205,50-3627,3280,1656074851
1206,50-3632,4000,1656074851
1207,50-1713,0,1656074851
1208,50-1731,0,1656074851
1209,50-8670,4640,1656074851
1210,50-5401,3312,1656074851
1211,50-5404,4320,1656074851
1212,50-4748,12384,1656074851
1213,50-4865,19776,1656074851
1214,50-6729,4248,1656074851
1215,50-4900,1008,1656074851
1216,50-3214,1680,1656074851
1217,50-5214,2800,1656074851
1099,50-0455,7182,1655472088
1100,50-9341,44982,1655472088
1101,50-1467,16500,1655472088
1102,50-3050,10500,1655472088
1103,50-3627,7840,1655472088
1104,50-3632,7840,1655472088
1105,50-1713,1152,1655472088
1106,50-1731,1056,1655472088
1107,50-8670,3200,1655472088
1108,50-5401,3168,1655472088
1109,50-5404,3120,1655472088
1110,50-4748,7693,1655472088
1111,50-4865,8832,1655472088
1112,50-6729,5184,1655472088
1113,50-4900,3654,1655472088
1114,50-3214,2520,1655472088
1115,50-5214,2240,1655472088
1014,50-0455,10878,1654861600
1015,50-9341,44912,1654861600
1016,50-1467,28380,1654861600
1017,50-3050,6000,1654861600
1018,50-3627,5440,1654861600
1019,50-3632,5600,1654861600
1020,50-1713,1920,1654861600
1021,50-1731,1920,1654861600
1022,50-8670,2520,1654861600
1023,50-5401,2880,1654861600
1024,50-5404,2640,1654861600
1025,50-4748,21096,1654861600
1026,50-4865,14400,1654861600
1027,50-6729,3528,1654861600
1028,50-4900,0,1654861600
1029,50-3214,1960,1654861600
1030,50-5214,3640,1654861600
929,50-0455,4592,1654263127
930,50-9341,33600,1654263127
931,50-1467,22110,1654263127
932,50-3050,4750,1654263127
933,50-3627,6080,1654263127
934,50-3632,6080,1654263127
935,50-1713,1728,1654263127
936,50-1731,1728,1654263127
937,50-8670,5120,1654263127
938,50-5401,4896,1654263127
939,50-5404,4560,1654263127
940,50-4748,16992,1654263127
941,50-4865,20160,1654263127
942,50-6729,3096,1654263127
943,50-4900,2520,1654263127
944,50-3214,2240,1654263127
945,50-5214,2520,1654263127
844,50-0455,10066,1653653770
845,50-9341,38444,1653653770
846,50-1467,20130,1653653770
847,50-3050,5000,1653653770
848,50-3627,5520,1653653770
849,50-3632,5440,1653653770
850,50-1713,1632,1653653770
851,50-1731,1536,1653653770
852,50-8670,3200,1653653770
853,50-5401,3312,1653653770
854,50-5404,2880,1653653770
855,50-4748,13896,1653653770
856,50-4865,13696,1653653770
857,50-6729,2448,1653653770
858,50-4900,1152,1653653770
859,50-3214,2800,1653653770
860,50-5214,3080,1653653770
714,50-0455,3192,1652875923
715,50-9341,23156,1652875923
716,50-1467,19140,1652875923
717,50-3050,5000,1652875923
718,50-3627,5200,1652875923
719,50-3632,5440,1652875923
720,50-1713,1440,1652875923
721,50-1731,1632,1652875923
722,50-8670,4920,1652875923
723,50-5401,4896,1652875923
724,50-5404,5520,1652875923
725,50-4748,23904,1652875923
726,50-4865,25792,1652875923
727,50-6729,4896,1652875923
728,50-4900,3006,1652875923
669,50-0455,10724,1652443203
670,50-9341,44870,1652443203
671,50-1467,18150,1652443203
672,50-3050,6500,1652443203
673,50-3627,4800,1652443203
674,50-3632,4720,1652443203
675,50-1713,1824,1652443203
676,50-1731,1824,1652443203
677,50-8670,3160,1652443203
678,50-5401,3600,1652443203
679,50-5404,3000,1652443203
680,50-4748,29016,1652443203
681,50-4865,9600,1652443203
682,50-6729,6120,1652443203
683,50-4900,1728,1652443203
609,50-0455,10724,1651842406
610,50-9341,44870,1651842406
611,50-1467,23430,1651842406
612,50-3050,6500,1651842406
613,50-3627,4800,1651842406
614,50-3632,4720,1651842406
615,50-1713,1824,1651842406
616,50-1731,1824,1651842406
617,50-8670,3160,1651842406
618,50-5401,3600,1651842406
619,50-5404,3000,1651842406
620,50-4748,29016,1651842406
621,50-4865,9600,1651842406
622,50-6729,6120,1651842406
623,50-4900,1728,1651842406
519,50-0455,15568,1651236445
520,50-9341,33308,1651236445
521,50-1467,23760,1651236445
522,50-3050,8000,1651236445
523,50-3627,4720,1651236445
524,50-3632,4640,1651236445
525,50-1713,1344,1651236445
526,50-1731,1344,1651236445
527,50-8670,3640,1651236445
528,50-5401,4896,1651236445
529,50-5404,3600,1651236445
530,50-4748,24768,1651236445
531,50-4865,24128,1651236445
532,50-6729,5400,1651236445
533,50-4900,1440,1651236445
444,50-0455,12278,1650630122
445,50-9341,30996,1650630122
446,50-1467,30030,1650630122
447,50-3050,1500,1650630122
448,50-3627,1840,1650630122
449,50-3632,2160,1650630122
450,50-1713,1824,1650630122
451,50-1731,1920,1650630122
452,50-8670,4080,1650630122
453,50-5401,4032,1650630122
454,50-5404,4200,1650630122
455,50-4748,21672,1650630122
456,50-4865,22144,1650630122
457,50-6729,2448,1650630122
458,50-4900,3600,1650630122
357,50-0455,11928,1650027211
358,50-9341,28322,1650027211
359,50-1467,6930,1650027211
360,50-3050,6250,1650027211
361,50-3627,0,1650027211
362,50-3632,0,1650027211
363,50-1713,0,1650027211
364,50-1731,0,1650027211
365,50-8670,2280,1650027211
366,50-5401,3024,1650027211
367,50-5404,3000,1650027211
368,50-4748,20232,1650027211
369,50-4865,15936,1650027211
370,50-6729,3384,1650027211
204,50-0455,9562,1649637022
205,50-9341,32746,1649637022
206,50-1467,11220,1649637022
207,50-3050,8000,1649637022
208,50-3627,2480,1649637022
209,50-3632,2400,1649637022
210,50-1713,0,1649637022
211,50-1731,0,1649637022
212,50-8670,4360,1649637022
213,50-5401,4176,1649637022
214,50-5404,4320,1649637022
215,50-4748,20088,1649637022
216,50-4865,15936,1649637022
85,50-0455,12348,1648815027
86,50-9341,36190,1648815027
87,50-1467,23760,1648815027
88,50-3050,7250,1648815027
57,50-0455,9170,1648202705
58,50-9341,32360,1648202705
59,50-1467,18810,1648202705
60,50-3050,6750,1648202705
13,50-0455,12852,1647460415
14,50-9341,35882,1647460415
15,50-1467,21780,1647460415
16,50-3050,9750,1647460415
17,50-0455,14912,1646859215
18,50-9341,35434,1646859215
19,50-1467,21780,1646859215
20,50-3050,9750,1646859215
